epoch,loss,test_mse,elapsed_s,eta_s
0,956329344.0,1.032548,10,19324
25,510792832.0,0.892601,167,12714
50,259206880.0,0.352453,328,12516
75,76474024.0,0.093592,491,12431
100,31513962.0,0.040772,653,12269
125,21993878.0,0.032092,813,12088
150,17410902.0,0.026675,976,11956
175,14618326.0,0.023989,1142,11833
200,12444219.0,0.021013,1309,11719
